id,date,username,tweet,Kategori
1351674894488985600,2021-01-20,gunung_bandung,"Mudah2an kita yg merasa beragama, apalagi org Islam, seharusnya mendukung upaya pencegahan penularan virus Corona ini salah satunya dgn vaksin. Dan jangan lupa slalu berdo'a. Karena semua upaya manusia, hasil atw tidaknya, karean ijin Alloh",1
1351673457801510915,2021-01-20,gunung_bandung,"Kalo ada ancaman, misal mati, yah harus ada upaya mencegahnya, contoh saat ini virus Corona mengintai setiap saat, ada upaya utk mengehentikan nya dgn vaksin.",1
1351670076676702208,2021-01-20,dubie_tina,PERHATIAN KHUSUS INI AYO DISIPLIN PROKES LEBIH BAIK LAGI ‚ÄºÔ∏è YG BELUM VAKSIN SEGERAKAN ‚ÄºÔ∏èAYO BUAT SELURUH WILAYAH NKRI KITA LAWAN CORONA DGN DISIPLIN PROKES HARUS DAN KEWAJIBAN JGN PERNAH BERPIKIR SEPELE ‚ÄºÔ∏è HIDUP TERUS BERJALAN MASA KITA KALAH SAMA CORONA MALU DAN HINA TAU‚ÄºÔ∏è‚öñÔ∏èüáÆüá©‚öñÔ∏è,1
1351655099609739265,2021-01-20,windjalil,Pada dasarnya hanya NAFSU akan kekuasaan dan menguasai dunya yg menjadikan sandiwara CORONA menjadi bersambung. Elu demen? Demi ALLOH gue kagak demen dg permainan biadab bertopengkan jualan vaksin. Korban tewas dan lumpuh menjadi saksi KeBIADABan rezim haus KUASA tapi ngutangan.,2
1351651795731316736,2021-01-20,breakkucing,Vaksin konspirasi Flat earthers Pandemi konspirasi Corona obatnya cuma spiritual Dll.  Berada di jalan kebenaran memaksa kita menanggung beban kebodohan rekan... #PanjangUmurKebenaran  https://t.co/3teyAbkhay,2
1351622912634019841,2021-01-20,hs_saut,"@jokowi  STOP VAKSIN SINOVAC !  GANTI dg HERBAL AJAIB SARI BUAH &amp; FRY81 dokter HARUS BERIKAN ke smua pasien COVID19 krn sudah terbukti SEMBUH. Obat Suplemen CORONA MELIMPAH di negara kita kok pemerintah PAKSA &amp; ANCAM rakyat HARUS di Vaksin SINOVAC, ada apa ini?  https://t.co/9JTjl3I6nk",2
1351532426296606720,2021-01-19,7daisyy,"@neoomuulonely iya aku jg salut, corona, tsunami, gempa, banjir, gunung meletus, beliau bener2 dikasih masa2 sulit tpi masih aja disalah salahin, rakyat udah dikasih dana bantuan, progam prakerja, vaksin, dan bantuan lain tpi gak di bahas samsek, pembangunan jg lancar loh apalagi di luar jawaüôÉ",1
1351506903721934848,2021-01-19,esjorong,"@YRadianto Kayaknya bukan vaksin corona Ki, petugas dan pasien tidak pakai masker ..  .. itu pasti vaksin anti gemblung ü§™ü§™",2
1351504164040237058,2021-01-19,budiriy68941305,@tvOneNews Lalu untuk apa di vaksin kalau tetap kena corona,2
1351500052280258560,2021-01-19,r_wahyuindah,vaksin corona udah datang. Kita bersiap untuk menyambutnya. Tak perlu takut karena vaksin bertujuan untuk menjaga imun kita. Biar pandemi segera berakhir. #bpjskesehatan siap membantu    https://t.co/sZwh18i9aX  #bpjsmelayani #gotongroyongsemuatertolong #jknhadiruntukrakyat  https://t.co/ITnbhjSdCz,1
1351484859898761220,2021-01-19,beemes1,"Semoga vaksin sinovac aman untuk Indonesia juga.   https://t.co/tCXXDDKJkP  Presiden Filipina, Rodrigo Duterte, memuji keamanan vaksin virus Corona (COVID-19) buatan perusahaan-perusahaan biofarmasi China.",1
1351483949931851777,2021-01-19,alfaruq72469388,INGAT SELALU GUNAKAN MASKER.!!! #WALAU SDH DI VAKSIN CORONA  https://t.co/5ylE3hG192,1
1351480686167818242,2021-01-19,teguhk_awan,"Hiduplah seperti CORONA Dia didoakan mati, disiram desinfektan Digulung hand sanitizer diracuni Vaksin Dihina, Dicaci, Dimusnahkan  Tapi tetap  Doa memberikan efek POSITIF pada manusia  Covid - 19",1
1351475567359533056,2021-01-19,putridianimus,"Kalo aku sih pro vaksin ya, karena yaa sepertinya corona ini gabakalan ilang, jd ikhtiarnya ya vaksin itu..",1
1351466053470064640,2021-01-19,zulkarn1988,"‚ÄúVaksin Covid -19 Sinovac itu halal dan aman bagi tubuh yang menggunakannya, dan ia menjadi pelindung dari penularan virus corona,‚Äù tegas Nova Iriansyah  #VaksinCovid19  #VaksinSinovac  #VaksinCorona    https://t.co/Xs6rjaWqm3",1
1351442323796725760,2021-01-19,en_jang,"Karena prinsip nya begini, semua penyakit pasti ada obatnya. Termasuk dimasa Pandemi Corona ini, obatnya ya hanya vaksin. #BarcodeVaksin",1
1351440316537073665,2021-01-19,natasyareny,Vaksin ini bersifat melindungi agar terhindar dari penyebaran virus Corona  #BarcodeVaksin  https://t.co/h2qkgnTsNZ,1
1351438404081262593,2021-01-19,soklik_com,Perangi Corona dengan mendukung vaksin dan tetap mengikuti protokol kesehatan 3M.  - Memakai Masker dengan Benar - Menjaga Jarak &amp; Hindari Kerumunan -  Mencuci Tangan Pakai Sabun #soklik #staysafe #stayhealthy #vaks√¨ncovid19 #vaksinasimelawanpandemi #efekvaksincovid #lawancorona  https://t.co/07SC8kOdoz,1
1351437557951651840,2021-01-19,buchronik,@msaid_didu Vaksin itu virus yang dilemahkan.. bisa jadi malah jadi kuat ketika masuk tubuh manusia. Yang bebas virus corona setelah di vaksin Corona bisa jadi org Corona??,2
1351432215230517248,2021-01-19,daemon_matrix,"#Pledis,. Plis jgn grasak grusuk kaya org DONGO !!!! Virus corona dr china, vaksin lo beli dr china, vaksin itu virus yg dilemahin, vaksin pun msh clinical trial, segitu begonya ngelola negara??? Ada ""aset revolusi 4.0"" kok ga bs di manfaatin buat bargaining sm korporat global",2
1351430765708382208,2021-01-19,daemon_matrix,"@tvOneNews Ya terinfeksi lah, itu vaksin kan isinya corona juga, Ini virus perang era baru, lawannya bkn dgn vaksin, rapid, swab, pake masker, kalo blm mampu perang fisik, mbok ya lawan dgn propaganda jg, gabung dgn negara yg satu tujuan, jgn cm jadi budak kapitalis aja dr jaman baheula",2
1351423584527294465,2021-01-19,rizky86829980,#Mending kena corona dari pada di vaksin.,2
1351417277518757888,2021-01-19,mun4fikunn,Ketua aja gak peduli dan sengaja melanggar aturan.... Apalg masyarakat...?? Selama positif sdh pelesir ke mana aja...? Jd gak usa bharap deh kl kasus Corona bakal segera mreda bahkan setelah ada vaksin... Pejabatnya dongok2 seh...!!  https://t.co/4mGF6UY9BI,2
1351416298048159745,2021-01-19,mrsrachelin,@Corona_KafirNw @DPR_RI @jokowi Urus negara sendiri dulu... Gmn tuh kadernya yg bikin gaduh tolak vaksin Covid-19??,2
1351408570080743430,2021-01-19,koko_borjuizt,"Rakyat kecil lebih butuh suntikan Dana ketimbang suntik vaksin.  Mereka tak takut corona, mereka lebih mementingkan kestabilan perekonomiannya.",2
1351405322133336064,2021-01-19,p3kll,Ayo sukseskan vaksin covid-19! Indonesia Sehat tanpa Corona!  #kementrianLHK #bli_klhk #p3kll,1
1351386703081062401,2021-01-19,sutaniskandari3,Intinya... Walaupun sudah divaksin.. Tidak menjamin kebal terhadap virus Corona...  Jadi... Apa faedah nya vaksin tersebut? Apakah hanya bisnis belaka?  https://t.co/Dmc08E0yzZ,2
1351382423297171459,2021-01-19,ranisor,"Vaksin Solusi Atasi Pandemi #JokowiResponsifBencanaAlam Vaksinasi nasional adalah harapan baru untuk mengakhiri pandemi Covid-19. Pemberian imunisasi wajib bagi seluruh masyarakat, tanpa kecuali. Kita tentu tidak mau tertular corona.   https://t.co/T5H7nF1Ykx",1
1351378956113510403,2021-01-19,sorotmata_212_,Fakta Vaksin Cina Komunis Malah Membawa Corona ...  Ayo Tolak Vaksin Cina Komunis !  #KuburJokowiCs #RushMoney  https://t.co/GsvsAJwOvj,2
1351370084917211138,2021-01-19,aprian_dito,Yok vaksin yok #BersatuLawanCovid19 #ganjardivaksin #jokowidivaksin #VaksinSinovac #vaksinuntukkita #vaksinasimelawanpandemi #VaksinasiNasional #AyoDaftarVaksin #vaksinyovaksin #Bali #vaksincorona #vaksinasidimulai  #VaksinHalal,1
1351366638063345666,2021-01-19,jabarsaberhoaks,"VAKSIN SINOVAC UNTUK KELINCI PERCOBAAN, MENGANDUNG BORAKS DAN FORMALIN  [MISLEADING CONTENT] Pemantauan pesan berantai di WA, vaksin virus corona Sinovac hanya untuk kelinci percobaan. Informasi tersebut tidak benar. Selengkapnya di:   https://t.co/54IQUiEWxM #jabarsabaerhoaks  https://t.co/JB78BbW0eW",2
1351359807240826880,2021-01-19,neng78873288,@CNNIndonesia Skrg gk mati kna corona. Mlh mati kna vaksin,2
1351330717184135168,2021-01-19,zahrild,"Vaksinasi adalah salah satu ikhtiar disamping ikhtiar lain diantaranya protokol Kesehatan yg ketat untuk menghadapi pandemi ini, moga negeri ini bisa keluar dari pandemi Covid-19 Aamiin Ya Allah... #SukseskanVaksinasi #vaksincorona  https://t.co/Cz8MzZg2FA",1
1351315172963414016,2021-01-19,miskinbanyak,"Vaksin udah ada ,psbb tetep diperpanjang fix ini bisnis bukan corona.",2
1351309435692408833,2021-01-19,roadrace2020,"@nooniez15 @Karinbahary2 @jokowi Vaksin tuh virus Corona yg dilemahkan ! Artinya loe disuntikan virus Corona juga ! Ngapain loe jaga jarak &amp; pakai masker berbulan¬≤,klw ujung¬≤nya malah sukarela disuntik virus juga ?! Orang tua loe klw punya banyak nyawa ga papa,klw habis disuntik, lewat ?   https://t.co/KB3nQvjTVg",2
1351306349901041666,2021-01-19,versucy,"@tvOneNews Waduh, heran saya Vaksinasi Corona virus di Indonesia tidak bermanfaat.  Semua disebut vaksin di bidangnya seharusnya benar-benar teruji kemampuannya  Untuk apa jika tidak ampuh, itu berbahaya seperti anda makan nasi terlalu banyak, penyakit diabetes siap menyerang anda @BPOM_RI",2
1351182147378438146,2021-01-18,kalap_corona,DIVAKSINASI KEMUDIAN TERPAPAR..  APA ARTI VAKSIN..?,2
1351155021245779973,2021-01-18,rusyanaagus676,Saya khawatir di vaksin bukannya kebal ehh malah jd terpapar virus Corona ... apalagi dari China itu vaksin @jokowi  @ridwankamil  @riekediahp  @erickthohir  @NajwaShihab  @mohmahfudmd  @ustadtengkuzul  @HumasKabBDG,2
1351151854546259977,2021-01-18,bebasbaru,"Tuhh kann...gimana rakyat ga curiga, belum apa-apa malah positif korona!  Setelah Di Vaksin Sinovac, 25 Relawan Sinovac di Bandung Malah Kena Corona‚Ä¶!  https://t.co/bZL80H8NLR via @bebasbaru",2
1351144165271351300,2021-01-18,gemacan213,üò≤üò≤üò≤ vaksin Corona-19 ...ada chipnya .....bahhh Corona dipakai kesempatan untuk masukin Chip...gila...bisa bisa dongo jadi #Goblok kaya cebong üëâ üê∏üê∏üê∏  https://t.co/mJyvyMg7lA,2
1351141534423519235,2021-01-18,rahmatrudi9,vaksin virus corona aman  #tangkapgabener4nies  https://t.co/KseLbbsQYX,1
1351083956595286021,2021-01-18,rid840,@kumparan Penjajahan dahsyat lewat vaksin Corona. Memaksakan produk asing memenjarakan rakyat Indonesia.,2
1351077733930045442,2021-01-18,ipin_toelen,"Vaksinasi bukan berarti dapat menghilangkan virus corona, akan tetapi seseorang yang sudah disuntik vaksin bisa lebih kebal terhadap sebuah penyakit. #VaksinYuk  #VaksinYuk  https://t.co/BOuXXWAJnG",1
1351077489641205760,2021-01-18,dinamikaterkini,Jika kita saling mendukung insya Allah virus corona segera hilang.  Rakyat dukung vaksin.  #VaksinKita #VaksinKita #VaksinKita #VaksinKita #VaksinKita  https://t.co/eg6JWF4zO5,1
1351077027886084099,2021-01-18,rr_zorro,"Setelah divaksin bukan berarti kita secara otomatis akan terbebas dari¬†virus corona. Pasalnya, perlu waktu agar vaksin bisa bekerja untuk menciptakan antibodi melawan Covid-19 ini. #VaksinYuk #VaksinYuk  https://t.co/9CwB6FzEVs",1
1351047236185169926,2021-01-18,ahh_mantapz,byebye corona  Rakyat Dukung Vaksin #Vaksinkita  https://t.co/szV4HjJEYJ,1
1351034159393857538,2021-01-18,tuanmuda501,"gw sih mikirnya klo corona benar2 ada, pasti para pejabat, petugas medis udah berebut ingin vaksin duluan",2
1351031564335923201,2021-01-18,alfiantukul,"Selain menjadi harapan sehat dan kebalnya imunitas dalam menghalau virus Corona, kehadiran vaksin turut menjadi harapan masyarakat agar kondisi finansial mereka segera pulih, baik itu bagi pekerja maupun pengusaha.  #VaksinKita  #IndonesiaMaju #BulekBanggapadamu #VaksinKita",1
1351031046268198914,2021-01-18,produsen2,@tempodotco Sekarang lagi lockdown lagi. Corona muncul lagi. Padahal cina negara pembaut vaksin.  Apakah vaksinnya abal abal.,2
1351018225140600832,2021-01-18,kogoyamartha,"Dukung vaksinasi nasional! Masyatakat sehat, corona lewat, ekonomi meningkat ü•∞üòç  Vaksin Lancar NKRI Pulih #TangkapGabener4nies  https://t.co/OpdnqUVR8r",1
1351007587584651267,2021-01-18,alfrisco9,"SIAP DI VAKSIN, Mari Kita sukseskan Vaksinasi Nasional Covid19 @jokowi @BNPB_Indonesia #vaksin #VaksinYoVaksin #vaksinasi #VaksinasiNasional #vaksincorona #VaksinKita #VaksinSinovac #vaksincovid19 #vaksinasimelawanpandemi #vaksin #VaksinBiarTenang #VaksinasiDimulai #vaksinasi  https://t.co/IBu0c71KPc",1
1350866518662238209,2021-01-18,fatika_mazie,"Selain vaksin corona, butuh banget vaksin kebodohan yang mengakar alami üò§üò§",2
1350863024979013635,2021-01-18,roadrace2020,"Bego aja luh, mau jadi korban Si Novac ! Namanya juga vaksin Corona ! Virus Corona yg sudah dilemahkan ! Ya positif lah kau ! Apa Indonesia kekurangan monyet, sampai lu mau jadi sukarelawan vaksin Corona ?!    https://t.co/MF9kqqXSvU",2
1350771272817414145,2021-01-17,muh71985310,@detikcom kurang koordinasi.... terselah lah. dah g mau di vaksin   tiap hari berkerumun. . . .  corona bakal mengeliminasi kebodohan.,2
1350727352758648834,2021-01-17,ungu_sapi,Ayoo akhiri drama CORONA ini dengan Vaksinasi  Kalau ingin cepat berlalu mari vaksin !,1
1350667362895204353,2021-01-17,retha_monicaa,Lawan pandemi dengan vaksinasi...   Vaksinasi Covid-19 hrs kita lakukan utk memutus mata rantai penularan virus Corona.   Vaksin Boosting Herd Immunity #RingkusProvokatorAnginGunung  https://t.co/dP1Wjzuu7j,1
1350658520044040192,2021-01-17,virgin_97,"Vaksin Covid-19 penting kita lakukan untuk memutus rantai penularan virus Corona.  Memberi perlindungan kesehatan kepada kita dan keselamatan, keamanan bagi kita semuanya, masyarakat Indonesia.  Vaksin Boosting Herd Immunity #RingkusProvokatorAnginGunung  https://t.co/3pyjtUuwsB",1
1350610815838162945,2021-01-17,aderusmaya,"@fadlizon Cina lgi cina lgi.... Covid 19 snjata'a y.,sory mnding gue mati krna corona dripda cb vaksin dri cina üòÇüòÇüòÇ",2
1350608345355309056,2021-01-17,_fr525,"Alhamdulillah gak butuh vaksin, udah kebal corona",1
1350597844411944960,2021-01-17,anonymous_2024,Ga usah pakai vaksin Dr cina ...cukup dgn Pilkada Corona virus bertekuk lutut..wkwkwküòÇ,2
1350593590234214400,2021-01-17,tsetiady,wah vaksin menurunkan tingkat kematian akibat Corona sebanyak (0.02/0.0007)= 28.5x,1
1350574876839432193,2021-01-17,awal97119316,"Candamu gak lucu. Yang gak mau vaksin diancam penjara. Tong, lu inget tuh awal‚Äù pandemi malah napi dibebaskan. Seperti gali lubang tutup lubang, bebasin-penjarain  #coronavirus, #VaksinYoVaksin, #vaksincorona",2
1350483135138459649,2021-01-16,rfarocky,"Buat makan aja susah, gimana mau nebus vaksin dengan harga segitu? Abis vaksin masyarakat ekonomi lapis bawah memang bebas dari corona, tapi ga bebas dari malaikat maut karna abis duit gabisa makan. Yaa ini cuman pandangan saya aja, sekian",2
1350391165292597250,2021-01-16,imanhusayn,Siap di vaksin demi memutus rantai penularan virus covid 19... Semoga Allah mengangkat virus corona ini agar kita bisa beraktivitas seperti dulu... aamiiin  https://t.co/J9YTDNPvjl,1
1350365638858948611,2021-01-16,fakhirtb,@otwoldmoney Vape adalah vaksin corona yg ditutupi elite global.,2
1350364588278116353,2021-01-16,syahbandial,@OposisiCerdas ternyata setelah di vaksin buat tubuh kebal dari virus corona dan kebal hukum....mantaaaapppp,2
1350356298768871431,2021-01-16,bellpass1,"Kalo aku menjadi smakin ragu dgn kualitaz vaksinnya, boleh kaah..?¬ø  Duh, 23 Warga Meninggal Usai Disuntik Vaksin Corona  https://t.co/R0r1jyk4po",2
1350346297123852289,2021-01-16,edy_soebekti,@hendri_NCY alasan menolak vaksin adalah biar corona nya tetep awet dan bantuanya tetep dapat terus kan kampret...,2
1350303054864678913,2021-01-16,ranisor,"Vaksin Mantap Imun Kuat #TangkapMunarmanAntekISIS  https://t.co/oY2IfH6Le0 Hasil efikasi sementara vaksin¬†Sinovac¬†di Indonesia di kisaran 65,4 persen. Meski demikian Kepala BPOM mengatakan vaksin COVID-19 menimbulkan  imunogenitas terhadap virus Corona hingga 23 kali lipat.",1
1350294134074929154,2021-01-16,charaamell,Aku siap banget vaksin corona üíïüíïüíïüíï krn aku mau cpt hidup normal,1
1350263232439611393,2021-01-16,cnbcindonesia,"Duh, 23 Warga Meninggal Usai Disuntik Vaksin Corona  https://t.co/1l8p2d1fEf",2
1350249541006573568,2021-01-16,iqblzul,"Apapun alasan nya w gak mau pake vaksin corona and i will show u that corona isn't that dangerous if u understand it, let seeüñï",2
1350232228320616448,2021-01-16,dianatajuddin,"Takut Corona, tapi takut vaksin karena buatan China, ga sama dengan yang dipakai Amerika Eropa.",2
1350160560894054400,2021-01-16,goldi10602795,"@detikcom @detikHealth Ga mungkin kalau vaksin sinovac itu tidak di suntik sama masyarakat china, dan hasil nya pertumbuhan virus CORONA, Ga Beres....nihh Tolak aja ahhh....",2
1350158746408763392,2021-01-16,goldi10602795,"Lama2 jadi curiga sama China ketika awal virus.dari mereka dan mereka membuat vaksin untuk menangulangi virus CORONA terus sekarang China lockdown kembali dan ada virus model baru apa ini akal2an mereka..? maklum partai penguasa di sana komunis,",2
1350140522430492673,2021-01-16,poconggkayangg,"kepikiran ga sih kalo yang di suntikin itu sebenernya bukan vaksin, tapi patch buat update bug fix corona, karna ada corona v2.1",2
1350129722542288896,2021-01-16,arry288,"@GodzilaTampan @Syaiful18532221 @fadlulrahman @tempodotco Udah dii kasih bukti ngeles mulu,pit sipit pantes byk cina komunis busuk,udah jadi pembawa virus corona kejamm,org lain disuruh beli vaksin rongsokan dasar rakus",2
1350119261100937216,2021-01-15,jaja9811,@JackHaryono @kumparan Buzzer anti vaksin semoga cepat mati kena corona,2
1350118895001108481,2021-01-15,iman100017,@geloraco Bisa jadi nanti lebih banyak mati keracunan vaksin nya dari pada terserang Virus Corona ya.,2
1350100588667670530,2021-01-15,syahmoedra_ren,Gue Bilang apa..?! Tolak Vaksin yg belum tentu Kebal Corona.,2
1350078999981039624,2021-01-15,kominfobekasi,Jangan takut untuk di suntik vaksin ya untuk membentengi diri dari virus Corona.   #vaksin #VaksinasiDimulai #vaksincovid19  #KotaBekasi,1
1350065202168016897,2021-01-15,cnnindonesia,Vaksin menjadi salah satu harapan untuk menekan penyebaran virus corona. Terdapat beraneka ragam vaksin dengan kandungan dan efek yang berbeda-beda. Berikut selengkapnya tentang 5 tipe vaksin covid-19 di  https://t.co/LdCrHUmjzF #Infografis  #CNNIndonesia  https://t.co/zH8M5vLH22,1
1350033795945119744,2021-01-15,heylinux,"@detikcom VAKSIN BUKAN JAMINAN KEBAL GAESS ,nona corona tidak bego kaya ente ya percaya aje propaganda judul berita",2
1350020165015134208,2021-01-15,katadatacoid,"Vaksin bukanlah ujung tombak pengendalian pandemi,namun salah satu penunjang mencegah penularan virus corona di Indonesia.   https://t.co/enIVHoVkYi",1
1349979649334394882,2021-01-15,harrythamrin,"Jangan takut, .. meninggal itu bukan karena corona atau vaksin tapi karena sudah ajal ü§≠üò¨ü§∏‚Äç‚ôÇÔ∏è",1
1349937945608744964,2021-01-15,ketutar51226907,"Saya tidak peduli covid, tapi saya tidak menolak vaksin.... Karena dengan vaksin kepercayaan ekonomi akan tumbuh.. Anggap saja kita punya 3 jalan mati... Mati karena corona, mati karena lapar, ato mati karna vaksin ? (Itu misal) No ways.....just follow...",1
1349923747654823939,2021-01-15,refiani4,"Vaksinasi wajib lho, karena tanpa di vaksin maka kita akan mudah terpapar virus corona yg akibatnya bisa fatal. Pak Presiden aja divaksin, masa masih kita ragu!!! #VaksinUntukSemua #Kretagama #Airlangga  #JalanTengah  #SolusiKebangsaan @hartawan97 @lailalalala11 @antaranews  https://t.co/KR1m5UfkkP",1
1349895743591444480,2021-01-15,fanduholic,"Corona dari cina, vaksin buatan cina, tapi cina pakai vaksin yang bukan buatann???",2
1349868479722098690,2021-01-15,bonom99,"Masyarakat Nduga Menolak Vaksin corona, karena Negara tidak mampu mengurus  pangungsi Nduga.....   https://t.co/sw7JAOwpsl",2
1349863681668988929,2021-01-15,hayamwu52621043,"kita sudah jatuh ketimpa tanggapula...sudah dibodohi dengan virus corona sekarang vaksin, ya Tuhanku, selamatkan kami warga muslim semuanya, biarlah mereka disiksa dunia akherat para pendzholim2..",2
1349770367338835968,2021-01-15,jangkungguy,"Gua kalo jadi pemerintah, kalo tujuannya emang ini, gua sih bakal biarin aja rakyat meninggal gara gara corona.   Daripada buang buang duit negara buat vaksin.",2
1349766760430387200,2021-01-15,machfud93027064,SATU TAHUN SUDAH CORONA MELANDA NEGERI INI SEMOGA LEKAS MEMBAIK. KAMI BERHARAP BESAR KEPADA PEMERINTAH DAPAT MENYELESAIKAN. SEMOGA VAKSIN DAPAT EFEKTIF AMIIN .JANGAN SAMPAI LARENA PERUT LAPAR KAMI MENJADI GELAP MATA.   #GanjarDiVaksin #ibhrs #KalijagaNagihJanji #Felix  https://t.co/pq6NeRZYK8,1
1349762384647254016,2021-01-14,elroy26722641,sesungguhnya vaksin yg paling ampuh itu adalah pilkada... Karena berkat pilkada corona hilang sejenak,2
1349729005902065667,2021-01-14,ricky_krwn,"Dulu lockdown, Jualan rapid test Kemarin jualan swab test sama rapid test antigen, Sekarang jualan vaksin corona, Besok apa ya?? APD lengkap mungkin, üòÇ  Negara apa pasar???  #VaksinCorona",2
1349718188255191044,2021-01-14,andikameiza,Salah satu pembodohan gak sih? Abis vaksin merdeka ya dari corona? Cmiiw,2
1349713227815350273,2021-01-14,bktjarvis,Yg dibutuhin vaksin corona apa vaksin kedunguan,2
1349700722980319232,2021-01-14,nanggeline,"Gw mau di vaksin, gw mau sehat, gw mau Indonesian juga sehat! Gw percaya sama pemerintah yg uda baik bgt kasih Vaksin gratis buat masyarakat. #ayovaksin #VaksinYoVaksin #VaksinCorona #coronagoaway",1
1349686493904732161,2021-01-14,akuhappyboy,"semoga vaksin beneran bisa ngatasin corona Aamiin ‚ú® daripada ngomong yang jelek"" ntar vaksin begitu atau begini mending doa yang baik ye kan?",1
1349663960379768837,2021-01-14,shintyasaj4,"Sayangi diri dan orang2 yang kita sayangi, vaksinasi covid19 penting kita lakukan untuk memutus rantai penularan corona virus.  Presiden Jokowi jadi penerima pertama vaksin covid19 kemarin. @jokowi @SatyaJogja_ @ary_moto  https://t.co/85RrguNN0b",1
1349646004400738306,2021-01-14,ra_arsya,emang klo sudah di vaksin bakal gak kena corona atau kebal corona?üò•,2
1349642416752529413,2021-01-14,dwimondaa,"Tujuan utama vaksinasi adalah untuk memutus rantai penularan virus Corona, jadi perlu peran serta semua masyarakat Indonesia, yuk ikut vaksin yuk ü§ó  https://t.co/rAEKr96OIo",1
1349628198061969410,2021-01-14,budiarto689,"Vaksin bertujuan membentuk antibodi untuk menghalau virus corona, dengan tubuh yg kuat maka mencegah penularan.  Indonesia &amp; RMP #PulihDenganVaksin  https://t.co/kKozcr2exS",1
1349619526497783809,2021-01-14,jakichen_,NEGARA TIDAK BOLEH BERBISNIS DENGAN RAKYATNYA #VaksinCorona #VaksinasiDimulai #VaksinKitaDatangLagi,2
1349586655154380802,2021-01-14,entinka43505355,Vaksin corona indonesia . Bismillah semoga indonesia sehat sehat . #Bersamakitavaksin,1
1349577232457469952,2021-01-14,hongnai_,SAMA CORONA PADA GAK TAKUT GILIRAN SAMA VAKSIN NYA PADA TAKUT  https://t.co/7wdDHqT6wn,2
1349568731693813763,2021-01-14,rwprast,"@TirtoID Selain vaksin Corona, kita juga butuh vaksin anti Bodoh",2
1349562417718546432,2021-01-14,diazahran,alhamdulillah vaksin corona udah ketemu. vaksin patah hati tolong dikembangkan :),1
1349529033319464961,2021-01-14,yunntak24,Ada suatu negara bisa nyiptain Corona. Jangan jangan lewat vaksin dia mau nyiptain zombieüëÄ,2
1349524537084268545,2021-01-14,agussusilo789,"@salahsambungya Dia dibingungkan oleh CORONA. Dulu lockdown, trus ga wajib lockdown. Dulu hrs vaksin kl mo cepat ilang, skrg ga hrs vaksin. Dasar pelaku bisnisman, biar beli vaksin terus.",2
1349523769937707009,2021-01-14,gulasekilo,vaksin corona udah ada. tinggal nunggu vaksin kebodohan nih,2
1349516796882112512,2021-01-14,regar_oposisi,"Vaksin bukan berarti kebal terhadap virus corona,tetapi hanya meningkatkan imun kekebalan tubuh.    https://t.co/IsJci2HXW9",1
1349490305620353024,2021-01-14,ambisyuk7,"Tak Perlu Takut, Yakin Bahwa Vaksin Ini Sesuatu yang Halal dan Aman. hempaskan virus corona. #ImplementasiPemulihanRI  https://t.co/NjeWNDjU23",1
1349488820593463296,2021-01-14,mrsrachelin,"Pret, untuk keselamatan rakyat Pemerintah berikan Vaksin Covid-19 GRATIS.  Klo ada yg bilang pemerintah Jualan Vaksin cuma Tukang Hoax‚Äº  Jokowi: Vaksin Corona Gratis, Jangan Ada yang Bilang Bayar  https://t.co/0TLGMX8NBd",2
1349459890096357376,2021-01-14,draculla_666,"Mau kebal kok di vaksin covid19, jadi orang Banten lah biar kebal! Ajakin Corona debus, paling juga mati sendiri nanti",2
1349383964532776962,2021-01-13,jr3ser,Vaksin aman ...... penting dilaksanakan utk kebaikan bersama  #VaksinSinovac #VaksinCorona #VaksinUntukNegeri #VaksinLolosUjiKlinis #VaksinYoVaksin  https://t.co/nYJa1JrXcT,1
1349377786159403010,2021-01-13,sujiwosantoso,Suntikan yang diperlukan selain suntikan vaksin corona adalah suntikan dana.,2
1349373345586847747,2021-01-13,apriiwb,"Gua ngeri Vaksin Corona buatan dari anak buah pengkor, canda anak buah",2
1349356922139410436,2021-01-13,rifan_tasyrifan,Vaksin bukan hanya tentang melindungi diri sendiri.. Tapi juga melindungi orang-orang disekitarmu :) #vaksincovid19 #VaksinCorona  https://t.co/hSXqXEDqK8,1
1349346477068324871,2021-01-13,yakobkause1,"Semoga vaksin nya bisa cepat sampai di masyarakat...Agar daya tahan tubuh kita kuat, Corona bisa cepat berlalu biar roda perekonomian kita bisa stabil kembali....hidup dan mati di tangan sang  kuasa....jangan takut di vaksin ikuti aja aturan pemerintah yg terbaik....",1
1349346156799660033,2021-01-13,rurianaw,"Harta, tahta, vaksin corona ~",1
1349323330952728586,2021-01-13,demokrasicoid,Nah Lho! Indonesia Diminta Tak Boleh Gugat Kalau Vaksin Corona Punya Efek Membahayakan - Follow @demokrasicoid   https://t.co/ZFK5AmMfVJ,2
1349313632941735941,2021-01-13,socuteih,Jangan egois ya temen-temen. Vaksinasi untuk menyelamatkan kita semua. Presiden Jokowi udah nunjukin kalau vaksin Corona aman .. .. #JokowiDiVaksin #VaksinasiDimulai  https://t.co/z8pwq5goX1,1
1349288283965046785,2021-01-13,bianca140372,BISNIS VIRUS SEDAP SEKALI YA!  Pfizer gak mau digugat kalo vaksin pfizer terbukti berefek samping.  Nah Lho! Indonesia Diminta Tak Boleh Gugat Kalau Vaksin Corona Punya Efek Membahayakan  https://t.co/vAgMPTGCv9  #FucksinChinaUnfaedah #FucksinChinaUnfaedah,2
1349283304793493508,2021-01-13,notyourbabubooo,"@AREAJULID Aku tim nolak vaksin. Alasan aku karena ""Katanya"" vaksin itu blm uji klinis. Lagipula vaksin corona tuh ada beberapa macam vaksin, ga cuma 1 macam tapi ada 5 harga berbeda. aku gatau yg mau di gratis kan yg mana. dari mulai harga 100rb+ sampai harga 2jt+",1
1349268435998412800,2021-01-13,anipow_,"Aku tidak butuh vaksin corona, Aku butuh vaksin insecure.",2
1349267915695038469,2021-01-13,oranggataufan,"Vaksin bayar, ngamuk Vaksin gratis, nolak Corona ga kelar, ngamuk Corona kelar, ""kan dah gue bilang, ini cuma konspirasi""  Bgsd la.",2
1349266786315735041,2021-01-13,maulidaana28,"Yuk dukung vaksin datang ke Indonesia, Seperti kita tahu pemerintah saat ini sedang menyiapkan vaksin corona sebagai bentuk intervensi medis untuk meningkatkan imuniatas tubuh seluruh masyarakat Indonesia tehardap virus corona Covid-19. #DukungSehatkanBangsa Wajib Bebas Covid  https://t.co/tQCcLFBiio",1
1349262847147081732,2021-01-13,abrilian_,Anjim gw overthingking gegara vaksin corona sial,2
1349262304479641601,2021-01-13,kaylaa_aja,"Yuk Jaga tubuh kita dari paparan virus corona, caranya dengan kita mau di vaksin #DukungSehatkanBangsa Wajib Bebas Covid  https://t.co/r9DzfPcMtU",1
1349261396563775488,2021-01-13,tommymuthalib11,"Yuk lawan virus corona dengan vaksin Pemerintah ingin kita semua sehat, karena vaksin ini sudah teruji mampu melindungi antibodi kita,Vaksin adalah produk biologis yang harus disimpan dalam suhu rendah setiap saat. #DukungSehatkanBangsa Wajib Bebas Covid  https://t.co/sznmlmAQPc",1
1349258937485258759,2021-01-13,wasesdu,Harapan kita dengan vaksin ini bisa menghilangkan virus corona #DukungSehatkanBangsa Wajib Bebas Covid üíØ  https://t.co/ffHdmloHAF,1
1349258245051879426,2021-01-13,sapincon,Kita percayakan pada vaksin corona ini semoga bisa mengatasi dengan baik #DukungSehatkanBangsa Wajib Bebas Covid üíØ  https://t.co/Xrxw0tyJ8I,1
1349257474214281219,2021-01-13,punshervia465,"Ayo kita sukseskan Indonesia dari Corona, dengan mau vaksin ya #DukungSehatkanBangsa Wajib Bebas Covid ..  https://t.co/pmGDB5qNOJ",1
1349249795911606274,2021-01-13,skinnyfeds,seneng bgt denger berita udah ada vaksin alias cepetan udahan ke corona pengen main,1
1349249405245825024,2021-01-13,aurelliamisna,Semoga vaksin nya bisa mencegah penyebaran corona #JokowiDiVaksin  https://t.co/OnqzzvU3WE,1
1349246784015650817,2021-01-13,powfuuuuu,disuntik vaksin bukanya aman dari corona malah jadi titan,2
1349244163733159943,2021-01-13,fauzi_8704,Vaksin corona yg disembunyikan pemerintah sejak awal pandemi  https://t.co/V9ZYaiDlGR,2
1349243087118192640,2021-01-13,gf_ipanema,Vaksin untuk memutus rantai penularan virus Corona.  #VaksinasiDimulai  #JokowiDiVaksin  https://t.co/xUUsdSKaNz,1
1349240545680314369,2021-01-13,sanharcs,@renveIvet kita diboongin itu bukan vaksin corona tp serum titan,2
1349231218970173441,2021-01-13,wow_keren,"Waduh! Berkurang Lagi, Kemanjuran Vaksin Corona Sinovac di Brasil Cuma 50 Persen #Internasional  https://t.co/V1th1f73Vo  https://t.co/k2qPbGro9y",2
1349230957941805056,2021-01-13,cowotam_van,"@starrynightytwo Vaksin flu yg udh dipake tahunan di Korea aja bs merenggut korban nyawa.. apalagi vaksin corona yg belom ada 1 tahun.. hal2 ini yg ditakutkan bbrp org.. krn klo udh meninggal, pemerintah mau tanggung jawab gmn?  https://t.co/BNMQksznYS",2
1349226827512877056,2021-01-13,ghonay078,semoga vaksin bisa melawan virus corona,1
1349217637075623938,2021-01-13,alit1_kawulo,Vaksin bukan sekedar untuk memutus mata rantai virus corona Tetapi juga untuk kekebalan imunisasi tubuh kita.   Dengan kita di vaksin COVID-19 Sinovac maka virus corona akan segera pergi dan menjauh dari tubuh kita.   #VaksinasiDimulai  https://t.co/2p4CNPvupJ,1
1349215675789631488,2021-01-13,aguskot58016145,"Korban jiwa telah banyak akibat virus Corona, ayo kita cegah vaksin. C9 #VaksinasiMelawanPandemi",1
1349212745946726407,2021-01-13,metsssssss,"Gak percaya corona ada, gak mau di vaksin, tapi kalo ada bansos paling depan kata ilham",2
1349212337044000768,2021-01-13,kompascom,"Vaksin merupakan salah satu ikhtiar, upaya preventif maupun mitigasi guna mencegah, memutus, atau minimal memperlambat penyebaran virus Corona.  https://t.co/ZPh90bjDon",1
1349210673851494402,2021-01-13,no_p0rno17,"Klo vaksin itu 99% josss... meyakinkan.. pasti deh pejabat2, konglomerat&amp;org tajir lainnya pda berbondong2 ngantri. Secara..mreka kaya&amp;gk mau mati cepat krna corona.  Iya enggak?",2
1349203656726384640,2021-01-13,ibnxine,"Lebih mematikan mana, pakai vaksin dan kena virus corona ini? Ini pandemi palsu malah vaksin bisa lebih mematikan.  https://t.co/Hgtyurxyo0",2
1349194952270467074,2021-01-13,putrisilabann,Yuk jangan ragu vaksin #VaksinLolosUjiKlinis #vaksinuntukkita #VaksinCorona #VaksinYgInginHidupAja #VaksinSinovac #VaksinCovid19SuciDanHalal #vaksinsiap34propinsi #PKPM #JawaBali #Prokes #cegahpenyebarancovid19 #protokolkesehatan #JagaJarak #cucitangan #pakaimasker,1
1349186892110065670,2021-01-13,dianpuspita0919,"Semoga dengan adanya vaksin ini bisa mengurangi populasi si corona di muka bumi ini. Capek oi dibadutin corona üò≠. Ingin kerja, ingin main üò≠  https://t.co/I4WlxBwffn",1
1349180407716007936,2021-01-13,wedhus999,"Hati-hati dan waspada!!! Tahun 2022 (tahun kembar) Zionis semakin menggila, setelah thn 2020 berhasil menghancurkan tatanan dunia dgn teror corona dan vaksin serta thn 2021 dgn biometric id chipnya!!!  https://t.co/tcWu0YSsLK",2
1349180138311716864,2021-01-13,hyudi15,@geloraco jikalau Ada efek membahayakan knp Indonesia diminta tdak boleh gugat vaksin Corona ?  Aneh ! Ini manusia bukan kelinci buat percobaan,2
1349179884992516102,2021-01-13,antros21,"Vaksin corona,, sudah rakyat disuruh beli lalu dipaksa lagi ??  HIDUP CUKONG  !!!  harganya tidak murah lagi,,,,,,?!",2
1349178582560477185,2021-01-13,gagaknew,Klo celaka dan Mati krn Corona Mati sendiri saja gak usah ajak2 org lain dg Provokasi utk menolak di Vaksin..,1
1349173229328338951,2021-01-13,rustamibrahim,Vaksin adalah harapan besar masyarakat global untuk mengakhiri penularan virus Corona. Apalagi vaksin yang sudah dinyatakan halal dan aman. Masih ada yang menolak harapan? Aneh!,1
1349170522664312835,2021-01-13,munasyaroh_fadh,"Yeey.... Ada kabar gembira nih, Vaksin buat corona udah datang. Siapkan diri untuk datang ke pelayanan kesehatan terdekat tentunya dg menerapkan protokol kesehatan yg ketat n 3M   #IndonesiaSiapDivaksin  https://t.co/pBaRVZhn5Y",1
1349165528879833090,2021-01-13,kumparan,"Belajar dari negara lain, kemunculan vaksin corona jadi ladang basah baru bagi para penipu untuk mengelabui korbannya. #kumparanSAINS  https://t.co/IIcTgGHxRa",2
1349157333297860608,2021-01-13,rendi_ajaa,vaksin corona dipastikan aman #vaksin  https://t.co/5W35Z9rFYY,1
1354142314042585088,2021-01-27,hargosweb,funhsi vaksin: kebal corona üëé naikin ihsg üëç,2
1354133640188284934,2021-01-27,leonardpatty07,"Anda sangat pintar dan terpelajar hingga anda tak percaya corona dan vaksin, semuanya jadi sia sia.  #hoaxvaksin",2
1354094571936829440,2021-01-26,hs_saut,"@kaesangp Ada apa nih kok Pemerintah PAKSAIN VAKSIN,  kok TIDAK UTAMAKAN berikan HERBAL yg TERBUKTI AMPUH SEMBUHKAN CORONA ini ???",2
1354063982395412480,2021-01-26,aaron76973606,"@bangsadbooi Ini obat buat ningkatin daya tahan tubuh, biar kebal sama corona. Ngga perlu vaksin titan",2
1354053344415916032,2021-01-26,mrevkyp,"Klo ngomongin corona atau vaksin, warga +62 udah bebal dibilangin, percuma.",2
1354040518867521536,2021-01-26,rahmatrudi9,"ayooo kita hentikan penyebaran virus corona dengan melakukan vaksin, vaksin sinovac halal dan aman  https://t.co/NgTbt4nIR4",1
1354037276838223874,2021-01-26,arminbuton2,Indonesia belum juga pulih dari virus Corona C19 cina terus berdatangan  Vaksin bukan solusi menurut saya   #ARB  https://t.co/YxRBwgFGOM,2
1354034395896631298,2021-01-26,jackrangga10,@heztideta Ternyata ngilangin Corona dikeplak pala nya bukan di vaksin,2
1354005601651544067,2021-01-26,imustainey,"Parno? Sotoy? Iya bener. FYI : orang yang sudah di vaksin campak, masih bisa terkena penyakit campak. Vaksin campak hanya mencegah penyakit sekitar 75 persen.  Coba tanya dan lihat sekitar, berapa teman dan keluarga yang pernah terkena campak?  Lalu, bagaimana Corona?",2
1353976720940883968,2021-01-26,rindukm1,Terus dukung upaya pemerintah untuk mencegah penyebaran virus Corona dengan vaksin. Hindari hoax hoax yang beredar dengan tidak menyebar luaskan berita yang belum tentu kebenaranya. Mari lawan hoax #HoaxVaksin #HoaxVaksin  https://t.co/bzLVMLxU1E,1
1353967605057347590,2021-01-26,jhonamerah,@Beritasatu vaksin corona terbuat dari daging babi,2
1353965838533967872,2021-01-26,titiaarnet,"Kuingin cepetan divaksin corona, karena kutakut sekali üòî, kalo nak bayi udah bisa divaksin, ku anter vaksin langsung si thole",1
1353960292795834368,2021-01-26,jhonamerah,@cnbcindonesia makan sama kamu vaksin corona itu biar kmu mampus sekalian,1
1353960102982684672,2021-01-26,voidotid,"Di tengah munculnya berbagai varian baru virus corona, kekhwatiran lain muncul bahwa vaksin yang tersedia sekarang tidak mampu melawan strain baru.  https://t.co/jQ8cY3nYOf",2
1353937412750073858,2021-01-26,minishoess,"@collegemenfess Kita juga bisa hidup normal kembali nanti kalo vaksin udah disebarluaskan. Jadi pake sistem herd immunity, bisa jadi virus corona ga ilang tapi manusia jadi kebal karena udah ada vaksin kayak virus influenza dulu.",1
1353914095171379202,2021-01-26,kangmul57,INDONESIA LAWAN CORONA DUKUNG PROGRAM KELANJUTAN PPKM JAWA - BALI.  BERSAMA KITA CEGAH PEMULARAN COVID-19.  Dukung Vaksin Save NKRI #CabutHakPolitikEksHTIFPI  https://t.co/atKjMvFRLx,1
1353877536296452096,2021-01-26,brambudi9,Ayo bersama-sama kita terapkan 5M Jangan tolak vaksin #VaksinHalal #VaksinSiap34Propinsi Bebas Kovid Percaya Vaksin #vaksincovid19 #vaksinuntukkita #vaksingratisutkrakyat #vaksincorona #VAKSIN #bengkulu #vaksinefektif91persen ..  https://t.co/E9j4JJF3If,1
1353877525521289219,2021-01-26,brambudi9,Jangan tolak vaksin #VaksinHalal #VaksinSiap34Propinsi Bebas Kovid Percaya Vaksin #vaksincovid19 #vaksinuntukkita #vaksingratisutkrakyat #vaksincorona #VAKSIN #bengkulu #vaksinefektif91persen ..  https://t.co/9cMuofnZAk,1
1353858703674331136,2021-01-26,kianinara1,Cintai bumimu Lindungi dari virus corona Taati peraturan PBB dan PPMK dapat mencegah penyebaran virus corona  Kalau bukan kita siapa lagi?  Dukung Vaksin Save NKRI #CabutHakPolitikEksHTIFPI  https://t.co/WY9VGTVAh9,1
1353855171919405056,2021-01-26,boy99under,"https://t.co/3Hh8rGpcaH  Saat nya kita bersatu padu perang melawan CORONA.   Menteri @kemkominfo , Jhony G. Plate, Minta Wartawan Dukung Akselerasi Digital dan Vaksinasi Covid-19.  Dukung Vaksin Save NKRI #CabutHakPolitikEksHTIFPI",1
1353746653002358784,2021-01-25,widiareza,"@Salimbado9 @50k Vaksin Lancar Rakyat Kuat Saya dukung sekali vaksin yang gratis menambah kekebalan tubuh, tapi bukan pembunuh virus Corona ini, tetap jaga Jarak rajin mencuci tangan dan memakai masker, mari sosialisasi kan ke tetangga sedusun sedesa terutama yang pelosok",1
1353740626509008904,2021-01-25,bukananakct,"Gue bingung, kontra sama vaksin covid cina, tapi pas udah ada gejala2 corona, lau malah minum pil cina. Bener bener manusia.",2
1353718786319331333,2021-01-25,jammaahclub,"Sebelum ada vaksin,jumlah korban corona grafik nya naik turun  Pas ada vaksin,grafik nya naik terus  Nyampe sini paham kan?",2
1353717475125280768,2021-01-25,watashitahsn,@airuzm Aamiin... Semoga corona cepet reda dah ada vaksin harapan makin besar üò≠üôè,1
1353703536526123009,2021-01-25,lokomotif881,sebelum masa vaksinasi : orang sakit jantung + corona = positive corona setelah masa vaksinasi : orang sakit jantung + vaksin = sakit jantung  HEBAT!,2
1353679636580823043,2021-01-25,must_threeku,Akhirmya .. di vaksin Covid juga ..  #akusiapdivaksin #vaksincorona  #VaksinCOVID19  https://t.co/SjKCu35aVc,1
1353671635409100805,2021-01-25,ayundhadewi2,Vaksin tu aman dan halal loh #vaksincorona #VaksinCOVID19 #vaksinasidimulai #vaksinyovaksin #patuhiprotokolkesehatan #protokolkesehatan #Sinovac #VaksinasiNasional #Vaksin,1
1353670985535299585,2021-01-25,ayundhadewi2,Penting buat masyarakat #vaksincorona #VaksinCOVID19 #vaksinasidimulai #vaksinyovaksin #patuhiprotokolkesehatan #protokolkesehatan #Sinovac #VaksinasiNasional #Vaksin,1
1353670934620561408,2021-01-25,ayundhadewi2,Tak bahaya #vaksincorona #VaksinCOVID19 #vaksinasidimulai #vaksinyovaksin #patuhiprotokolkesehatan #protokolkesehatan #Sinovac #VaksinasiNasional #Vaksin,1
1353670867423694850,2021-01-25,ayundhadewi2,Proteksi maksimal #vaksincorona #VaksinCOVID19 #vaksinasidimulai #vaksinyovaksin #patuhiprotokolkesehatan #protokolkesehatan #Sinovac #VaksinasiNasional #Vaksin,1
1353670768677187586,2021-01-25,ayundhadewi2,Dukung program vaksinasi #vaksincorona #VaksinCOVID19 #vaksinasidimulai #vaksinyovaksin #patuhiprotokolkesehatan #protokolkesehatan #Sinovac #VaksinasiNasional #Vaksin,1
1353670642852196352,2021-01-25,ayundhadewi2,jangan lupa 3M nya #vaksincorona #VaksinCOVID19 #vaksinasidimulai #vaksinyovaksin #patuhiprotokolkesehatan #protokolkesehatan #Sinovac #VaksinasiNasional #Vaksin,1
1353670222893506560,2021-01-25,putrisilabann,Yuk kita dukung #VaksinasiNasional #Vaksin #vaksincorona #VaksinCOVID19 #vaksinasidimulai #vaksinyovaksin #patuhiprotokolkesehatan #protokolkesehatan,1
1353670184393818112,2021-01-25,putrisilabann,Tak berbahaya!! #Sinovac  #VaksinasiNasional #Vaksin #vaksincorona #VaksinCOVID19 #vaksinasidimulai #vaksinyovaksin #patuhiprotokolkesehatan #protokolkesehatan,1
1353670098871967745,2021-01-25,putrisilabann,Sukseskan #VaksinasiNasional #Vaksin #vaksincorona #VaksinCOVID19 #vaksinasidimulai #vaksinyovaksin #patuhiprotokolkesehatan #protokolkesehatan,1
1353670020979539968,2021-01-25,putrisilabann,Cegah dengan 3M #VaksinasiNasional #Vaksin #vaksincorona #VaksinCOVID19 #vaksinasidimulai #vaksinyovaksin #patuhiprotokolkesehatan #protokolkesehatan,1
1353638339857944578,2021-01-25,kikanliany,Semoga dengan adanya vaksin corona cepat berlalu..,1
1353610534277419008,2021-01-25,rizazonovriyan1,@CabulSetengah Yuk kita vaksin biar tubuh bebas dari corona,1
1353565662963142656,2021-01-25,roisnaldoo,Abis di vaksin sinovac lha kok malah positif corona. Vaksin taek,2
1353543985558503425,2021-01-25,irvan_rangkuti,Vaksin sinovac ternyata bukan hanya untuk kebal corona tp bisa kebal hukum .,2
1353528963205763072,2021-01-25,brambudi9,Jangan tolak vaksin #VaksinHalal #VaksinSiap34Propinsi Bebas Kovid Percaya Vaksin #vaksincovid19 #vaksinuntukkita #vaksingratisutkrakyat #vaksincorona #VAKSIN #bengkulu #vaksinefektif91persen ..  https://t.co/S3hBBBpmjK,1
1353454481707421696,2021-01-25,mamarafa12,@PutraErlangga_ Kok aneh di vaksin kok malah corona,2
1353422211021901825,2021-01-25,dewilesta7,Vaksin Corona Aman  https://t.co/lE2Znv2j4T,1
1353360753533743104,2021-01-24,niko_dirgantara,"Ga butuh vaksin anti corona, butuhny vaksin anti sakit hati",2
1353342604679671808,2021-01-24,alfariz74346453,Vaksin dan 3M penangkal Covid19 yang saling melengkapi  #vaksincorona  #VaksinasiNasional  https://t.co/H38U45cPKX,1
1353295705641635841,2021-01-24,monitordaycom,"Menkes Positif Corona, Pilih Ramuan Dukun Ketimbang Vaksin  https://t.co/9SxH71ALRV",2
1353290137086513153,2021-01-24,bdatma,"Vaksin ini akan semakin memicu Corona semakin liar membentuk strain-strain baru. Logis, sifat dasar semua makhluk adalah mempertahankan kehidupannya",2
1353190563051257859,2021-01-24,nuansabening28,@NoorAsifa2 @Nruulll Jangan ksh kendorrrr... suster udah kebal corona dah kena vaksin. Cuma belum kena vaksin galoooo inget mantaaannn  Cc. @Nruulll,1
1353183988077060097,2021-01-24,rahmatdjami,"Aneh juga vaksin tapi tidak memberikan perlindungan terhadap Corona, kalau begitu buat apa vaksin?  https://t.co/AcdsjK9MY2",2
1353139370845331456,2021-01-24,oliviajane69_,"Semakin ada vaksin kok corona semakin merajalela gini,-",2
1353110961087942658,2021-01-24,hakimiahmad6,"@fadjroeL @jokowi @KompasTV @republikaonline apa untungnya disuntik vaksin? toh hasil akhirnya sama tergantung imun tubuhnya..buktinya habis vaksin msh ada yg terkena n terpapar corona gitu Bos, jgn2 bang Fadjroel bagian dari pemerintah yg ikut mengendorse sinovac yah? ü§£ hari gini gak boleh maksa yah..sama ke di TurkeyüòÅ",2
1353032971687612417,2021-01-24,fanfiz1,"Maka Sudah Ada Vaksin Kenapa ya Corona Tambah Parah,,Tetangga q Kemarin Periksa Sakit Kanker Payudara,,pergi Kerumah Sakit Mau Di Isolasi,,Penyakitnya Apa Isolasinya Iya Aneh Ya",2
1353023557513617408,2021-01-23,boechan231,"Nah loh klo spt ini meninggal tanpa terinveksi corona tapi akibat vaksin, siapa yg bertanggung jawab.",2
1353005338790748160,2021-01-23,um_akhsan,"@CNNIndonesia Lah maren,  ga ada vaksin jalan aja pemilihan daerah .. ? Ga ada vaksin.juga yg sembuh banyak aja, .. apa sih yg ditakutin,    asli corono torotmont nyusain idup ..  #Corona #Vaksin biasa aja si ... jgn ribet, ... lawan .. !!",2
1353003227097165824,2021-01-23,nawawi079,"@OposisiCerdas Coba tonton ulang(kalau punya videonya), saat presiden di suntik vaksin Corona... Ada kejanggalan.. putar videonya pelan""..",2
1352981201980542976,2021-01-23,sangangin13,"@bapaknyaeri @BBCIndonesia divaksin atau ngak tetap aja psbb... dah lah,lu nya aja yg ngak ada iman,.. hidup mati itu Allah yg atur,. lu kena corona atau ngak itu Allah yg atur semua. lu mau vaksin 10 kalipun kalau udah takdir lu mati ya mati tong!!",2
1352977276619550723,2021-01-23,ajiebaskoroo,"ngerokok bisa abis satu bungkus 1 hari, giliran di tanya mau di vaksin corona atau ngga alesannya ngga mau,katanya ngapain masukin racun ke tubuh, lucu sekali üòÇ #IndoPride",1
1352961806487183362,2021-01-23,lawjusticeco,"Ada Lagi, Pejabat di Banjarmasin Positif Corona Usai di Vaksin Sinovac  https://t.co/ekGNaDOOHc",2
1352930370128236545,2021-01-23,kamaludinsujud,"@tribunnews Katanya vaksin itu utk mencegah corona. Sdh terpapar lantas divaksin, kok msh kuat virus covidnya?  Berarti efektivitas vaksin bagaimana??",2
1352916625586966528,2021-01-23,realauliaakbar,"Orang yg udah disuntik vaksin malah ada yg positif corona, terus dibilang itu bukti bahwa vaksin gak menjamin 100% . Terus ngapain di vaksin?   Udah gitu mau masuk 1 tahun kita dilanda pandemi, menkes baru bilang selama ini kita salah strategi. Lah mau 1 tahun dulu baru nyadar ya",2
1352891973099679745,2021-01-23,fanboy2190,@MemeComicIndo Mau di suntik vaksin tetap aja bisa positif corona ... corona itu gak bakal bisa terhenti klo mindsetnya virus mematikan . Udh lh corona jgn di takuti please anggap ky virus flu,2
1352887581910855680,2021-01-23,ngkongroses,Banyak sudah vaksin yang digunakan di Indonesia termasuk di dunia sebelum adanya vaksin C0vid-19 ini dan vaksin2 tersebut bertujuan untuk melindungi bukan membuat kita celaka.  Berpikir positif lah kawan agar hidupmu tentram!  Yuk lindungi diri dan keluarga dari corona.  https://t.co/QVZHx9JiqO,1
1352885877123420160,2021-01-23,nikkitamirzani,Resiko tertular Corona jauh lbh rendah jika kita slalu menerapkan prokes  Vaksin Putus Rantai Kovid  https://t.co/MyDClYGZT8  https://t.co/bHMH91gtdG,1
1352865068589797378,2021-01-23,hs_saut,@ramayanti81 @jokowi @Kiyai_MarufAmin SUPER ini yang HARUS PEMERINTAH UTAMAKAN berikan ke seluruh pasuen COVID19 di seluruh INDONESIA BUKANNYA VAKSIN SINOVAC yg terbukti GAGAL lindungi 25 relawan yg di vaksin yg justru kena CORONA sprti yg di tayangkan ANTV,2
1352846240111677442,2021-01-23,03__nakula,"Sudah di Vaksin masih bisa terpapar Corona??  Antibodi terbentuk setelah 2 kali disuntik Vaksin dengan jangka waktu 28 hari, jadi wajar jika ada yang masih terpapar, terpapar pun imun kita lebih kuat dan kemungkinan besar tanpa gejala, kita harus tetap patuhi Protokol kesehatan.  https://t.co/341LzRpzPb",1
1352814090939371523,2021-01-23,yuskapityaji,"Sekali lagi, vaksin hanya mencegah. Bukan mengobati atau menuntaskan corona. Kuncinya tetap, 3 M dan di rumah saja. Kalau tidak penting-penting amat untuk urusan kerja, bagusnya jangan kemana-mana.   https://t.co/g4VrUlg81g",1
1352768244935913472,2021-01-23,pipiloo1,"@asihpuspahati bener sekali kak, vaksin nya aman, mudah-mudahan bisa cepat memutus rantai penyebaran virus corona ya kak :)",1
1352752075369631744,2021-01-23,lish_aj,Seharusnya setelah vaksin tubuh akan kebal terhadap virus corona lha ini kok malah terkonfirmasi positif corona?,2
1352751647059922945,2021-01-23,bembeeng8,"Alasan kenapa vaksin corona itu penting, karena kasus corona di indonesia terus meningkat. #StrategiPulihkanEkonomi  https://t.co/LEbbxUozDw",1
1352751647047389184,2021-01-23,sarirekau,Tujuan adanya vaksin corona untuk menekan angka kesakitan - kematian. #StrategiPulihkanEkonomi  https://t.co/PDjmP5KtiM,1
1352733849873215488,2021-01-23,si_burang,@tifsembiring Stelah di vaksin terpapar corona?? ü§îü§îü§î mikir keras sy Bpk.,2
1352604466403373057,2021-01-22,03__nakula,"PENCITRAAN!!!  RATU DRAMA!!!   DRAMA NYA BU RISMA BERMANFAAT UNTUK ORANG LAIN, DIBANDING DRAMA NYA ANIES BASWEDAN YANG PURA"" POSITIF CORONA.   NGAKU POSITIF CORONA TAPI MINTA DI VAKSIN. ü§£ü§£ü§£   https://t.co/rKy7zvcwLq",2
1352583327509696513,2021-01-22,ganrusdi,Udah di vaksin kena Corona juga.... bijimana  https://t.co/4Si947gPSR,2
1352576884396105730,2021-01-22,idntimes,Vaksin tetap efektif untuk mencegah mutasi virus corona  https://t.co/oAvLA2gS7n,2
1352573619218509826,2021-01-22,almawardin6,"Usai suntik vaksin hasilnya positif Corona virus. Mau disogok dg berapapun, saya ogah.  https://t.co/0bY4ctigwG",2
1352551893487087623,2021-01-22,alit1_kawulo,"Dengan vaksin imun kita kuat, sehat dan tambah semangat.   Waspada Corona agar Indonesia bebas dari bencana Covid.   #VirusCoronaLebihbahayadariCongorTetangga   @Flamboyan59  @MahadewiGayatri  @Putra_Pulasaren  @Bunga01_Seroja  @BPrima777  @AgoesAguss  @AtiSudarti2  https://t.co/8jcfjZ8gbI",1
1352550978801684480,2021-01-22,jhonamerah,@detikcom maka nya jangan mau di vaksin corona karna vaksin corona asal china itu sangat berbahaya untuk tubuh manusia  https://t.co/BRtyDLHNJg,2
1352544907395653633,2021-01-22,aradityarian,"Bupati positif corona setelah divaksin...   YAIYALAH POSITIF LU NGERTI CARA KERJA VAKSIN GAK, HAH?? HAH???",2
1352534356317757440,2021-01-22,kimlucky_2,@jumintenSbyy @dinokdiblonk Semoga vaksin cepat di pakai oleh masyarakat indonesia agar corona mengilang aminn,1
1352529874825715713,2021-01-22,adirahmanog,"Alhamdulillah, akhirnya vaksinasi juga. #vaks√¨ncovid19 #vaksinasi #vaksincorona #sinovac @ RSUP Dr. Sardjito  https://t.co/HtbAb49aVs",1
1352491425066143744,2021-01-22,mpusscatsie,"Di China sudah di vaksin Sinovac saja Wabah Corona tetap menggila,  Waduh parahhh...  #TangkapMadam  https://t.co/MAnmt14s7H",2
1352467882223955969,2021-01-22,hmanwarmh,"Kalau setelah divaksin masih kena virus, terus fungsinya apa vaksin itu? Setelah 7 hari divaksin Sinovac, Bupati Sleman umumkan positif corona. Ingat meski sudah divaksin, tetapkan jalankan 5 M @kontanNews  https://t.co/nwwOi3N4pf",2
1352462240058892288,2021-01-22,dsutiyanti,"Orang yg sudah sembuh dari Covid-19 disebut sudah memiliki antibodi atau kekebalan tubuh yg bisa melawan virus corona, sehingga risiko terinfeksi jauh lebih kecil dibanding orang yg belum terinfeksi.  Vaksin Selektif Tepat Guna #KandangkanHanifAlatas   https://t.co/KtyLzAQmRz",1
1352458693879558144,2021-01-22,ranisor,Vaksin Selektif Tepat Guna #KandangkanHanifAlatas  https://t.co/ZK8xyGwELH vaksin adalah produk zat yg dimasukkan ke tubuh manusia dan akan menstimulasi imnun sistem di tubuh manusia untuk  memproteksi dan melindungi manusia dari penyakit  yg sdg dilawan virus corona Covid-19,1
1352450922526494721,2021-01-22,pengagummu75,Vaksin tlah tiba  hatiku gembira corona sebentar lagi sirna  Vaksin Selektif Tepat Guna #KandangkanHanifAlatas  https://t.co/3KV6IF7SIj,1
1352447530718658560,2021-01-22,asep_rifa,Komitmen di vaksin adalah sebuah ikhtiar untuk membantu kita dari virus Corona . selain dari menjalankan prokes yang selalu kita lakukan. Yuk kita bersama membantu sesama dan negara @kumparan #BersamaKitaVaksin  Yuk kita di vaksin @Teni_SM @Silvy_sk @AndiLa_ID  https://t.co/7dvAmxUieP,1
1352446168492515331,2021-01-22,madebudiyasa9,"@Bagong30767519 Ayo Kita Vaksin, Biar Corona Cepat Berlalu",1
1352445918335832065,2021-01-22,madebudiyasa9,@Bagong30767519 Jangan Takut Untuk Vaksin.. Biar Corona Cepat Hilang,1
1352443644637192193,2021-01-22,politik_bedebah,@geloraco vaksin kata onoh guna nya mengebalkan tubuh agar tdk kena corona kok lepas di vaksin malah positif c-19,2
1352434757351555073,2021-01-22,lufiuwi,"Lah iya lah . Logika nya yang disuntikkan itu kan virus Corona yang dilemahkan,üòÖ Yang habis di vaksin sudah pasti ada virus Corona di tubuh nya. Kalau tes positif atau negatif?üòÅ",2
1352418862084415488,2021-01-22,lelakimempes0na,"@drbatu_ bntr, vaksin kan corona lemah yak, bknnya kalo abis divaksin berarti auto positif (?)",2
1352213313602482176,2021-01-21,estehmilo,@berandasleman_ @tirta_hudhi Vaksin corona tapi tidak kebal corona?? ü§î,2
1349973141246803968,2021-01-15,iradiamaa,Jdi apa guna nya vaksin klo ujung2 nya masih terkena corona... Kan vaksin it utk anti bodi agar tidak tertular Korona üòí #VaksinasiNasional #VaksinHalal #VaksinCiptakanImunitasKovid #JokowiDiVaksin #RaffiAhmad Kadrun Framing Hoax Vaksin #RakyatDikelabui,2
1349568731693813763,2021-01-14,rwprast,"@TirtoID Selain vaksin Corona, kita juga butuh vaksin anti Bodoh",2
1349556880692023302,2021-01-14,nanatsutaizai99,"@graham_associat betul setuju... kalo emg niatnya mau musnahin orang2 yg anti jokowi. saya menolak vaksin. biar kena corona. gpp. drpd divaksin ü§≠ü§≠ apa jgn2 vaksin ini utk ""membunuh"" orang. yg dikenal dgn istilah depopulasi üôàüôà",2
1349244418591637504,2021-01-13,minakmegaow,@jokowi  Lawan Pandemi  Sukseskan Program vaksinasi untuk memutus rantai penularan corona.  Tolak tegas Kampanye Anti- Vaksin Covid-19  https://t.co/jR07tZ3qph,1
1349123678215102466,2021-01-13,mamanwarman22,"@fadjroeL @BPOM_RI @JubirPresidenRI Tidak butuh vaksin anti corona, butuhnya vaksin anti miskin.",2
1348433746505072640,2021-01-11,myyzd,"Ga butuh vaksin anti corona, butuhny vaksin anti miskin.",2
1341302306675953665,2020-12-22,alwaaany,saya lebih tertarik di vaksin anti sakit tenggorokan saat makan gorengan dan minum es daripada di vaksin untuk mencegah corona,2
1341176034893295623,2020-12-22,yono_1977,@panca66 Presiden RI sudah pakai Kalung Anti Corona Made In Departemen Pertanian dan sudah Makan Nasi Kucing jadi sudah Bagus Imun-nya. Engga perlu Vaksin lagi,2
1339499704132882432,2020-12-17,armerotation,"Ada vaksin corona, tetep gue ga mau vaksin. Gue anti vaksin sejak menikah. Ape lu ape lu ape lu",2
1338742730042699781,2020-12-15,geniusdexter,udah pake kalung anti corona ngapain pake vaksin,2
1.34E+18,2020-12-29,rufinkang,Hix....hix....hix.....bingung gw yg mo nyuri vaksin siapa yakh ? Denger covid ajah orang dah ngeri ketularan....lagian mo di jual kesiapa emang ada yg mo di vaksin  ama produk china yg abal2,2
1.35E+18,2021-01-15,javierelfredaa,"Normal people :  pithecanthropus paleojavanicus :  ""Vaksin itu bahayaaaa ada nano chipnya dan tetap merokok karena percaya tembakau adalah herbal Corona.""  https://t.co/DvIlviiwLX",2
1.35E+18,2021-01-15,im_badlooking,"Hal yg sekarang udah gk bisa di percaya: corona, vaksin, berita di tv/media sosial dan kata"" manis dari mulutmu",2
1338436862105460736,2020-12-14,guejoy,Sulit percaya soal kemanjuran vaksin ketika sebelumnya muncul kalung anti virus corona,2
1.35E+18,2021-01-14,pcebong8,@setkabgoid @PutraWadapi Corona dari cina Yg nularin cina Vaksin nya dari cina Yg di suntik warga +62 Lahh orang cina aja ogah make SINOVAC...gimana mo percaya..? Biar saja @jokowi dan pendukungnya serta kroninya saja yg di vaksin,2
1.35E+18,2021-01-13,numeriqs,"HIV = 36 tahun, corona SARS = 18 tahun, corona MERS = 8 tahun. Itu para WHO saja belum mampu membuat vaksin nya.  Ini dlm rentang waktu 9 bulan udh bisa membuat vaksin Covid19, uji coba lagi.  Yang percaya vaksin, vaksin saja sana. Gue yang nggak percaya nggak melarang tuh.",2
1.35E+18,2021-01-03,hs_saut,"@jokowi CORONA adalah Turunan dari SARS,  SARS saja TIDAK ADA vaksin nya,  kita jangan mudah percaya pd promosi perusahaan pembuat Vaksin. Tolong dipertimbangkan pak.",2
1.35E+18,2021-01-03,jhonnyjontor,"@___k1n9f4t1Ra7a Lagian kalaupun di suntik beneran, aku tetap ga percaya kalau yg di suntikan itu vaksin corona asli, bisa saja isinya cuma air infus",2
1.35E+18,2021-01-02,3ndi,"Wajarlah kalau ada yang ragu u/ divaksin Corona. Virusnya saja masih merajalela, mutasinya cepat, vaksin sendiri belum clear uji coba.",2
1.35E+18,2021-01-02,budakchino,"@Ronnie_Rusli @DonAdam68 Corona aja gue msh blm percaya, apalagi vaksin.. üòÇ",2
1.34E+18,2021-01-01,benarkah2,"@PresidenKopi Pembatalan vaksin corona massal, sy termasuk orang yg tidak percaya pandemi.  10 bulan ane langgar protokol kesehatan dengan tidak memakai masker , harusnya saat ini ane udah meninggal karena korona.  ane bukan yg termasuk punya imun bagus sebab di masa psbb ane malah kena DB",2
1.34E+18,2020-12-23,vikseu_,Yg terlintas di pikiran kalo denger ttg vaksin corona sekarang yg muncul zombie aja. Padahal dulu aku ga pernah percaya zombie.,2
1.34E+18,2020-12-18,delzitaz,@TaurusAdalahAku @ViviTanxx @TopToross @Donihendarto1 @Clarra_Catz @Thinks_1st @siskiu_ @IhsanYustiawan @kariage_soul @kropokpulie @nopieetasabidi @naina_TShah @DKIJakarta Samaaaaaaaaa...yg gak mau2 nanti pas rawat inap pasti dpt tuh.. inget gak mantan menkes sby pernah omong ttg vaksin corona itu sebenernya buat apa? Seremmmm.. tujuannya ke sana sebenernya saya yakin.. saya lbh percaya omongan menteri sblm rezim2014 ü§≠,2
1.34E+18,2020-12-18,albanteniegy,@fahiraidris Ibu fahira percaya vaksin corona ?? Kami tidak percaya vaksin corona china . Semua berbau bisnis Alkes mencari keuntungan dan membodohkan serta memiskinkan Rakyat. Akibat dan dampak horor corona ekonomi Rakyat hancur bu . Covid itu ciptaan cina jadi kami tdk percaya china.,2
1.34E+18,2020-12-18,albanteniegy,@fahiraidris Jadi Rakyat tidak percaya lg . Hukum tidak jelas penuh sinetrinisasi dan filmisasi / sandiwara . 6 laskar FPI pun tidak jelas dan tidak adil mereka di bunuh bagai gembong penjahat perang. Jadi Vaksin china itu palsu dan corona itu sandiwara !! @ArsurMr @MMargani5 @OrangKoslet,2
1.34E+18,2020-12-16,abdulaz93506871,@jokowi Bisa jadi Vaksin Corona yg di Suntik ke jokowi Vaksin Made in Germany. Dan yg Untuk Rakyat made in PKI KOMUNIS China. Masyarakat sudah Tidak Percaya Sama Pemerintah... #TolakVaksinCoronaChina  #TolakVaksinCoronaChina,2
1.34E+18,2020-12-15,hasan49336769,"@republikaonline sy kurang percaya dgn adanya dugaan meninggalnya kyai dan ulama di ponpes itu terindikasi oleh virus corona sbb logikanya spr ini, jika benar krn covid tentu keluarganya akan tertular cepat namun yg terjadi tdk demikian. awas hati2 dgn vaksin covid.",2
1.34E+18,2020-12-14,solihin98122556,@msaid_didu Kata jrxsid corona=bisnis  Dan sekarang bisnis vaksin  Untung aku lebih percaya jrxsid xixi,2
1.34E+18,2020-12-14,solihin98122556,@FaisalBasri @panca66 Gue sih percaya #jrxsid Corona = bisnis jualan vaksin,2
1.35E+18,2021-01-14,angga55226600,"@Raraaza0 Ngobrol ttng corona, ttng vaksin mendingin turun saja tuh para menteri kabinetnya kalo dibisniskan  rakyat. Bajingan koq dipakai kerja yaa kalo hutang negara bnyak jgan begitu doonk caranya memanfaatkan rakyat utk bisnis beli APD dan vaksin",2
1.35E+18,2021-01-14,frsscot,"ternyata vaksin mau dijadiin ajang bisnis, corona nggak akan ilang ah tetep kalo kita udah divaksin. pemerintah gmn sih  keluh seorang temanku yang setiap hari posting keluar jalan2 nongkrong dan nggak pernah pake masker üôÉüôÇ emg udah gila. nggak ada mikirnya bgt manusia",2
1.35E+18,2021-01-14,mpok_hanum,"@trainveller @iaridlo Jangankan setelah divaksin, wong blm ada vaksin sj masy kita santai ngadepin corona &amp; menganggap corona adlh bisnis elit gembel. Pdhl RS dah kewalahan nampung pasien. Pemakaman dah menjerit g bisa terima order lagi üò§",2
1.34E+18,2020-12-14,laskar_ketumbar,@PutraErlangga_ Siapa yg percaya lha wong vaksin mau dijdkan bisnis BUMN.  Bisnis Vaksin Corona Bakal Semakin Menyehatkan Holding BUMN Farmasi  https://t.co/vznjUJ4OfZ,2
1.35E+18,2021-01-13,ibnupurna,Nah Lho! Indonesia Diminta Tak Boleh Gugat Kalau Vaksin Corona Punya Efek Membahayakan‚úÖ Enak benar bisnis farmasi ini. Dimana tanggung jawab mereka kalau ada yang menjadi korban gara2 disuntik vaksin buatannya  https://t.co/lH6FY2kq16,2
1.34E+18,2020-12-13,calendulight,makin percaya vaksin corona palsu,2
1.34E+18,2020-12-12,riyo109,@PRFMnews @rubiyanta83 Masalahnya masyarakat dah nggak percaya ama pemerintah...corona dan vaksin di jadikan bisnis.,2
1.35E+18,2021-01-12,raynzford1,Setelah masker jdi bahan bisnis sekarang Vaksin pun juga ! Anjing betul ! Emgnya tubuh kami masyarakat ini bahan uji cba ?! Iya ga mati karena corona mlh mati sehabis di vaksin !!!!! Klo ga mati paling cacat ! Pembunuhan masal betul2 kalian2 ini jahat semua  #TolakDivaksinSinovac,2
1.35E+18,2021-01-12,hannafarkhati,"Logikanya angka Corona disini udh gak terkendali tiba2 dpt vaksin yg 'katanya' ampuh, sedangkan pejabatnya aja pd ogah jd volunteer. Paling bisnis ini mah  https://t.co/OqNDdbZKDF",2
1.35E+18,2021-01-12,hannafarkhati,@rezaprabowo Ya Indonesia emg gak bisa lepas dr BISNIS. Bahkan vaksin corona jg dibisnisin,2
1.35E+18,2021-01-12,fajarws11,"@resteavecmoi_ Alsannya karena vaksin adalah bisnis, corona itu konspirasi, vaksin haram buatan wahyudi, vaksin ada microchipnya supaya manusia mudah dilacak, karena produk china juga",2
1.35E+18,2021-01-12,6666devi,"@detikcom @detikfinance Demi bisnis vaksin, rakyat NKRI ditakut-takutin Corona ..",2
1.35E+18,2021-01-10,6666devi,@DivHumas_Polri Corona adalah politik Vaksin adalah bisnis ...,2
1.35E+18,2021-01-08,wedhus999,"Rp 73 T APBN utk borong vaksin, benarlah dugaan teror corona adalah bisnis vaksin dan permainan anggaran yg bebas tanpa hak bujeting DPR (UU No.2/2020). Membahayakan nyawa rakyat atau tidak, tetap jalan.  https://t.co/9AgdkUsRJp",2
1.35E+18,2021-01-03,innayaputri72,"@wank37 Flu burung itu pandemi murni jd ketemu vaksin hilang virusnya,klu pandemi corona it bisnis jd smp knpun g ilang,kecuali bisnisnya stop",2
1.35E+18,2021-01-06,victoragatha1,"@CNNIndonesia ini trailer sebelum vaksin, jadi biar pada aware lagi sama corona. Ya namanya juga dijadikan ajang bisnis. Sebenarnya kalau gini kasian sama umkm yang bergerak di fnb, ga usah blg nunggu keluarga kena baru percaya. wong serumah dan teman udah pada pernah positif corona üòÖ",2
1.34E+18,2020-12-31,edy_obeng21,lah china aja vaksinnya aja sampai dibeli indonesia tp mereka sendiri kenan corona lg aneh bener... apa vaksin ini tak lepas dr sebuah bisnis pejabat saja??,2
1.34E+18,2020-12-29,iniiamko,"corona uda sempet hening gada kabar, tetiba vaksin join ke indon, seketika digodok lagi sampe mendidih ni copid. bisnis? konspirasi? menurt klen klen aja kimak..",2
1.34E+18,2020-12-23,opsiin,"Indonesia Borong Vaksin Corona Dari China, Taiwan Ogah. Ini Alasannya |¬†Bisnis.  https://t.co/4hmc3q0ox0",2
1.34E+18,2020-12-18,wedhus999,"@CNNIndonesia Covid adalah permainan setan, Bancakan anggaran, tambah utang2, bisnis vaksin padahal SARS, MERS, HIV belum ditemukan vaksinnya. Selama 14 abad lebih, setiap detik Kabah dithowafi, tempat ibadah buka, Corona Vaksin ID menutupinya!  https://t.co/hziZ0REKRS",2
1.34E+18,2020-12-18,albanteniegy,@fahiraidris Ibu fahira percaya vaksin corona ?? Kami tidak percaya vaksin corona china . Semua berbau bisnis Alkes mencari keuntungan dan membodohkan serta memiskinkan Rakyat. Akibat dan dampak horor corona ekonomi Rakyat hancur bu . Covid itu ciptaan cina jadi kami tdk percaya china.,2
1.35E+18,2021-01-18,dinamikaterkini,Saling membantu akan membuat virus corona cepat hilang.  Rakyat dukung vaksin.  #VaksinKita #VaksinKita #VaksinKita #VaksinKita #VaksinKita  https://t.co/ptzzF6lGVc,1
1.35E+18,2021-01-18,dinamikaterkini,Saling menyalahkan tidak akan membuat corona cepat hilang.  Rakyat dukung vaksin.  #VaksinKita #VaksinKita #VaksinKita #VaksinKita #VaksinKita  https://t.co/wIaE4TSFA2,1
1.35E+18,2021-01-18,dinamikaterkini,Banyak2 berdoa dan berikhtiar menjaga kesehatan agar corona cepat hilang.  Rakyat dukung vaksin.  #VaksinKita #VaksinKita #VaksinKita #VaksinKita #VaksinKita  https://t.co/czvzIWZ0YJ,1
1.35E+18,2021-01-18,dinamikaterkini,"Kalau kita sedih melihat keluarga kita meninggal krn corona, maka hrs kita dukung vaksin.  Rakyat dukung vaksin.  #VaksinKita #VaksinKita #VaksinKita #VaksinKita #VaksinKita  https://t.co/4Tgibd5req",1
1.35E+18,2021-01-18,ahh_mantapz,Corona punah 2021  Rakyat Dukung Vaksin #VaksinKita  https://t.co/BiuUZiX3oM,1
1.35E+18,2021-01-18,ritaendah17,Rakyat dukung Vaksin  Vaksin datang Corona hilang  #VaksinKita  https://t.co/YpDzt6gbFE,1
1.35E+18,2021-01-18,kogoyamartha,"Dukung vaksinasi nasional! Masyatakat sehat, corona lewat, ekonomi meningkat ü•∞üòç  Vaksin Lancar NKRI Pulih #TangkapGabener4nies  https://t.co/OpdnqUVR8r",1
1.35E+18,2021-01-18,vanesabrazell28,"Mari bersama kita dukung program vaksinasi,demi meningkatkan perekonomian nasional dan masyarakat pun sehat juga terhindar dari corona. Vaksin Lancar NKRI Pulih #TangkapGabener4nies  https://t.co/HjEavr9jMD",1
1.35E+18,2021-01-18,udin92183133,"Yuk dukung vaksin corona. Aku kangen banget mau hangout bareng. Kesehatan pulih, ekonomi bakal pulih juga. Jgn lupa buat tetep 3M  #IndonesiaSiapDivaksin #VaksinUntukNegeri #VaksinUntukKita #dukungvaksin #VaksinAmanBikinNyaman #MakinDisiplinyakinvakin #MakinDisiplin #Yakinvaksin  https://t.co/vF5MAWyc97",1
1.35E+18,2021-01-17,aprian_dito,Pemulihan ekonomi nasional dgn vaksin #pakaimasker #PakaiMaskerLebihAman #RingkusProvokatorAnginGunung #VaksinYoVaksin #VaksinasiDimulai #vaksinasi #vaccine #vaksincovid19 #vaksincorona  https://t.co/rIMQMJf67K,1
1.35E+18,2021-01-17,aprian_dito,Kuy duiung vaksinasi nasional #pakaimasker #PakaiMaskerLebihAman #RingkusProvokatorAnginGunung #VaksinYoVaksin #VaksinasiDimulai #vaksinasi #vaccine #vaksincovid19 #vaksincorona  https://t.co/6qGgXOuwdf,1
1.35E+18,2021-01-17,ungu_sapi,Ayoo akhiri drama CORONA ini dengan Vaksinasi  Kalau ingin cepat berlalu mari vaksin !,1
1.35E+18,2021-01-17,dsutiyanti,"masyarakat dapat lebih aman dan terlindungi karena vaksin akan membantu pembentukan imun tubuh dalam melawan penyakit, khususnya virus corona secara lebih cepat dan ampuh.  Vaksin Boosting Herd Immunity #RingkusProvokatorAnginGunung  https://t.co/ncs1YbDULa",1
1.35E+18,2021-01-17,windywardani111,"BYE CORONA, SELAMAT DATANG VAKSIN #vaksin #sinovachalal #vaks√¨ncovid19 #vaksingratisutkrakyat #covid19indonesia #Covid19 #lfl #likeforlikes #Jokowi #Indonesia #IndonesiaMaju  https://t.co/1KoPCvttRm",1
1.35E+18,2021-01-17,windywardani111,VAKSINASI COVID19 PENTING KITA LAKUKAN UNTUK MEMUTUS RANTAI PENULARAN VIRUS CORONA #vaksin #sinovachalal #vaks√¨ncovid19 #vaksingratisutkrakyat #covid19indonesia #Covid19 #lfl #likeforlikes #Jokowi #Indonesia #IndonesiaMaju  https://t.co/4cyxyqJt7z,1
1.35E+18,2021-01-17,ajenangelina,Intinya Mari Vaksin.  Kalau divaksin kamu punya peluang 78% tdk terkena COVID-19 dan kalau pun kena 100% hanya akan mengalami gejala ringan &amp,1
1.35E+18,2021-01-16,imanhusayn,Siap di vaksin demi memutus rantai penularan virus covid 19... Semoga Allah mengangkat virus corona ini agar kita bisa beraktivitas seperti dulu... aamiiin  https://t.co/J9YTDNPvjl,1
1.35E+18,2021-01-13,renonegoro1,Seluruh umat beragama jangan ragu vaksin #VaksinLolosUjiKlinis #vaksinuntukkita #VaksinCorona #VaksinYgInginHidupAja #VaksinSinovac #VaksinCovid19SuciDanHalal #vaksinsiap34propinsi  https://t.co/oaprLwm6ec,1
1349205163492265987,2021-01-13,merdekadotcom,"Harapan Warga Terhadap Vaksin Corona: Harapan Warga Terhadap Vaksin Corona. Pemerintah akhirnya telah memulai vaksinasi Covid-19 dengan penyuntikan perdana dilakukan kepada Presiden Joko Widodo. Warga berharap dengan adanya vaksin Covid-19, laju‚Ä¶  https://t.co/2lQc1U9Je4",1
1349200266554351617,2021-01-13,jitoe02,Vaksinasi virus Corona ini sama saja seperti imunisasi yang umum dilakukan terhadap bayi dan anak-anak.  Yang Tidak Mau Divaksin Bisa Merugikan Orang Lain  Vaksin Aman Kebal Kovid #BongkarSumberDanaFPITeroris   https://t.co/c2z1y1mqk6,1
1349198263824441347,2021-01-13,hanihanidia,Semoga vaksin taun ini berhasil dan corona bisa cepet selesei üôÇ,1
1349197930998087682,2021-01-13,hadimakpul,Vaksin ini bukan obat tapi upaya pencegahan. Tetap menjaga protocol kesehatan ya guys. Semoga dg adanya vaksin ini virus corona bisa ditekan #VaksinasiDimulai  #jokowidivaksin  https://t.co/Towh6WqnCP,1
1349197243186757636,2021-01-13,syehjangkung17,"@PolisiSukoharjo Korban jiwa telah banyak akibat virus Corona, ayo kita cegah vaksin. #VaksinasiMelawanPandemi",1
1349196976307404801,2021-01-13,abahelang2,Lindungi orang orang yang kita sayangi dari virus corona.  Vaksin Aman Kebal Kovid #BongkarSumberDanaFPITeroris  https://t.co/7DJQCXycJn,1
1349196757587017730,2021-01-13,yudastar3,@Polres_Demak Di vaksin moga kita kebal corona,1
1349196248776019973,2021-01-13,rakyatmerdeka99,"Aman, Berkhasiat Dan Halal Masyarakat Tak Perlu Ragu Vaksin Keluaran Bio Farma  @biofarmaID #Vaksin #vaksinasi #VaksinCorona #vaksincovid19 #Corona #coronavirus #COVID19 #COVID„Éº19 #COVID__19 #Covid_19 #COVID #RakyatMerdeka #RMCoid    https://t.co/p4rUH2qQlR",1
1349195713423437825,2021-01-13,aprian_dito,Lindungi diri dan sekitar #VaksinCorona #VaksinKitaDatangLagi #VaksinLolosUjiKlinis #VaksinasiDimulai #vaksinuntukkita #VaksinCorona #VaksinYgInginHidupAja #VaksinSinovac #VaksinCovid19SuciDanHalal #vaksinsiap34propinsi #PKPM #JawaBali #Prokes #protokolkesehatan #pakaimasker,1
1349195567730028547,2021-01-13,aprian_dito,Viks mau divaksin #VaksinCorona #VaksinKitaDatangLagi #VaksinLolosUjiKlinis #VaksinasiDimulai #vaksinuntukkita #VaksinCorona #VaksinYgInginHidupAja #VaksinSinovac #VaksinCovid19SuciDanHalal #vaksinsiap34propinsi #PKPM #JawaBali #Prokes #protokolkesehatan #pakaimasker,1
1349194952270467074,2021-01-13,putrisilabann,Yuk jangan ragu vaksin #VaksinLolosUjiKlinis #vaksinuntukkita #VaksinCorona #VaksinYgInginHidupAja #VaksinSinovac #VaksinCovid19SuciDanHalal #vaksinsiap34propinsi #PKPM #JawaBali #Prokes #cegahpenyebarancovid19 #protokolkesehatan #JagaJarak #cucitangan #pakaimasker,1
1349189681175437313,2021-01-13,pohonlapuk,Vaksin ini bisa menekan corona 3 bulan ke depan guys. Bantu dan sukseskan hal ini dengan mau ikut divaksin ya #VaksinasiDimulai  #jokowidivaksin  https://t.co/x8Z4dIXTgP,1
1349215308221800448,2021-01-13,hartantoershi,@HumasTabesSmg mau sehat dan terhindar dari virus corona yooo di vaksin dulu..ayo ayo vaksin.,1
1349217250612416512,2021-01-13,chagiyaa5,"Semoga dengan adanya vaksin sinovac ini corona bisa segera hilang. Bisa jadi ""angin segar"" di 2021. Jgn ada lah istilah tolak divaksin. Corona dinegeri kita uda dilevel yg serius. Kasihan para tenaga medis yg uda berjuang berbulan-bulan ü•∫",1
1.35E+18,2021-01-13,laskarrmp3,Mayoritas masyarakat Dukung vaksinasi corona oleh pemerintah  Vaksin Aman Kebal Kovid #BongkarSumberDanaFPITeroris  https://t.co/WeIckh3x2O,1
1.35E+18,2021-01-13,maulidaana28,"Yuk dukung vaksin datang ke Indonesia, Seperti kita tahu pemerintah saat ini sedang menyiapkan vaksin corona sebagai bentuk intervensi medis untuk meningkatkan imuniatas tubuh seluruh masyarakat Indonesia tehardap virus corona Covid-19. #DukungSehatkanBangsa Wajib Bebas Covid  https://t.co/tQCcLFBiio",1
1.35E+18,2021-01-13,devia10356705,Semoga vaksin sinovac ini efektif untuk menekan penyebaran virus Corona yg melanda Indonesia. Kita hrs dukung program vaksinasi ini. #DukungSehatkanBangsa Wajib Bebas Covid  https://t.co/OEoI8lxJwx,1
1.35E+18,2021-01-13,eltormantovani,"Mari kita dukung pemerintah menyukseskan pemakaian vaksin Corona untuk memberantas Corona dari bumi Indonesia, Merdeka...!!!  https://t.co/9LkpP0mQXL",1
1.35E+18,2021-01-14,rachelsian2,Ayo Dukung Vaksinasi Covid-19 agar Terhindar dari Virus Corona Vaksin Ciptakan Imunitas Kovid #RIPFrontPerusakIslam  https://t.co/p23xity7gv,1
1.35E+18,2021-01-14,awek50,Ayo dukung pemerintah menghadirkan vaksin corona untuk seluruh rakyat Indonesia &amp,1
1.35E+18,2021-01-14,malihtok,Kita dukung kerja keras pemerintah Menghadirkan vaksin Corona untuk seluruh rakyat Indonesia  Indonesia &amp,1
1.35E+18,2021-01-18,ritaendah17,Rakyat dukung Vaksin  Vaksin datang Corona hilang  #VaksinKita  https://t.co/YpDzt6gbFE,1
1.35E+18,2021-01-18,kogoyamartha,"Dukung vaksinasi nasional! Masyatakat sehat, corona lewat, ekonomi meningkat ü•∞üòç  Vaksin Lancar NKRI Pulih #TangkapGabener4nies  https://t.co/OpdnqUVR8r",1
1.35E+18,2021-01-18,retha_monicaa,"Dukung dan sukseskan Program Vaksinasi Nasional.   Utk masyarakat sehat, Corona lewat dan perekonomian nasional meningkat.   Vaksin Lancar NKRI Pulih #TangkapGabener4nies  https://t.co/UdrNP70mEK",1
1.35E+18,2021-01-21,udin92183133,"Bersama lawan corona, tetap terapkan 3M  Mari kita dukung vaksinasi Tangkal Hoax Vaksin Kovid #AwasFPIUlarGantiKulit #AwasFPIUlarGantiKulit  https://t.co/ych1eX50cX",1
1.35E+18,2021-01-20,03__nakula,"Alhamdulillah...  Setelah di Vaksin ngkong tampak lebih muda dan keliatan cerdas, wajahnya bersinar mengeluarkan aura positif.   Mau ganteng dan awet muda seperti ngkong, yuk ikutan Vaksin.  Dukung dan sukseskan Vaksinasi agar Indonesia terbebas dari Virus Corona.  https://t.co/7ZX0igOdge",1
1.35E+18,2021-01-20,rianinya19,"Bersama lawan corona, tetap terapkan 3M  Mari kita dukung vaksinasi Tangkal Hoax Vaksin Kovid #AwasFPIUlarGantiKulit  https://t.co/VHqK1vaz0D",1
1.35E+18,2021-01-23,empritsialan,Dukung program vaksinasi nasional. Masyarakat sehat Corona lewat Ekonomi meningkat  Vaksin Putus Rantai Kovid #DukungPerpresNo7Th2021  https://t.co/grFzhrSeCR,1
1.35E+18,2021-01-28,virgin_97,Vaksinasi Covid-19 Penting Dilakukan Dalam Upaya Memutus Rantai Penularan Virus Corona.  Kita harus dukung vaksinasi.  Fix Vaksin Tak Berbahaya #BaladaCintaRijikFirzaHots  https://t.co/58sOGAVKQG,1
1.35E+18,2021-01-26,kangmul57,Dukung Program Vaksin Nasional Covid-19.  Mentaati Peraturan PSBB dan PPMK dapat mencegah atau memutus rantai penyebaran virus corona Covid-19  Lindungi Bumi dari Virus Corona.  Dukung Vaksin Save NKRI #CabutHakPolitikEksHTIFPI  https://t.co/jenu05y4Pk,1
1.36E+18,2021-02-03,anisarahmalia17,"yuks dukung program vaksinasi, agr kekebalan tubuh kuat dn terhindar daro virus corona ‚Ä¶ gas kan lah vaksin sinovac halal dn aman  https://t.co/WhqlFTbw2j",1
1.36E+18,2021-02-03,bahar_jelita,"yukk dukung program vaksinasi, agar kekebalan tubuh kuat n terhindar daro virus corona ‚Ä¶ gas kan lah vaksin sinovac halal n aman  https://t.co/sIX7IdDtum",1
1.36E+18,2021-02-03,hilwamawari,"yok dukung program vaksinasi, agr kekebalan tubuh kuat &amp; terhindar daro virus corona ‚Ä¶ gas kan lah vaksin sinovac halal &amp; aman  https://t.co/Yw2uySbezB",1
1.36E+18,2021-02-03,aragiana,"ayok dukung program vaksinasi, agar kekebalan tubuh kuat dan terhindar daro virus corona ‚Ä¶ gas kan lah vaksin sinovac halal dan aman  https://t.co/mKt9XdMr9L",1
1.36E+18,2021-02-03,ameliaferrika,"hayuuuk dukung program vaksinasi, agr kekebalan tubuh kuat dn terhindar daro virus corona ‚Ä¶ gas kan lah vaksin sinovac halal dn aman  https://t.co/znCvh5XV6V",1
1.36E+18,2021-02-03,elisahputri4,"ayoo dukung program vaksinasi, agar kekebalan tubuh kuat n terhindar daro virus corona ‚Ä¶ gas kan lah vaksin sinovac halal n aman  https://t.co/0e0tcBnz3v",1
1.36E+18,2021-02-16,anasiaria,"Mari kawal dan selalu dukung setiap upaya pemerintah perangi Virus Corona. Walaupun sudah di vaksin, Protokol kesehatan harus tetap dijalankan sampai terbentuk Herd Immunity setelah 70% penduduk Indonesia di vaksin. #TingkatkanPemulihanNKRI  https://t.co/CfnfegJAiX",1
1.36E+18,2021-02-12,arjuno_ireng01,Mari bersatu dukung program vaksinasi pemerintah agar supaya Indonesia segera terbebas dari Pandemi Corona Covid-19 üôèüôè  Saya siap di Vaksin Pak Menkes  Semoga Indonesia kembali sehatüí™üí™ @KemenkesRI  https://t.co/JUgwYaQE2q,1
1.36E+18,2021-02-07,informan_exe,Dukung Vaksinasi üëç #vaksin #corona #EN_CONNECT_Day1,1
1.35E+18,2021-01-18,dinamikaterkini,Banyak2 berdoa dan berikhtiar menjaga kesehatan agar corona cepat hilang.  Rakyat dukung vaksin.  #VaksinKita #VaksinKita #VaksinKita #VaksinKita #VaksinKita  https://t.co/czvzIWZ0YJ,1
1.35E+18,2021-01-18,dinamikaterkini,Insya Allah Pemerintah serius membasmi corona.  Rakyat dukung vaksin.  #VaksinKita #VaksinKita #VaksinKita #VaksinKita #VaksinKita  https://t.co/tgowxCrV4T,1
1.35E+18,2021-01-13,maulidaana28,"Yuk dukung vaksin datang ke Indonesia, Seperti kita tahu pemerintah saat ini sedang menyiapkan vaksin corona sebagai bentuk intervensi medis untuk meningkatkan imuniatas tubuh seluruh masyarakat Indonesia tehardap virus corona Covid-19. #DukungSehatkanBangsa Wajib Bebas Covid  https://t.co/tQCcLFBiio",1
1.35E+18,2021-01-13,devia10356705,Semoga vaksin sinovac ini efektif untuk menekan penyebaran virus Corona yg melanda Indonesia. Kita hrs dukung program vaksinasi ini. #DukungSehatkanBangsa Wajib Bebas Covid  https://t.co/OEoI8lxJwx,1
1.35E+18,2021-01-14,rachelsian2,Ayo Dukung Vaksinasi Covid-19 agar Terhindar dari Virus Corona Vaksin Ciptakan Imunitas Kovid #RIPFrontPerusakIslam  https://t.co/p23xity7gv,1
1.35E+18,2021-01-14,malihtok,Kita dukung kerja keras pemerintah Menghadirkan vaksin Corona untuk seluruh rakyat Indonesia  Indonesia &amp,1
1.35E+18,2021-01-18,ahh_mantapz,Corona punah 2021  Rakyat Dukung Vaksin #VaksinKita  https://t.co/BiuUZiX3oM,1
1.35E+18,2021-01-26,lilapama2011,"Karena, program vaksinasi ini adalah usaha pemerintah dalam memutus mata rantai Virus Corona. Kemudian, himbau masyarakat agar tetap menerapkan protokol kesehatan.  Dukung Vaksin Save NKRI #CabutHakPolitikEksHTIFPI",1
1.35E+18,2021-01-26,lilapama2011,"Maka saya berharap kepada para ustadz IKADI mendukung program pemerintah dalam memutus mata rantai penyebaran Virus Corona,  Dukung Vaksin Save NKRI #CabutHakPolitikEksHTIFPI",1
1.35E+18,2021-01-26,lilapama2011,Masa pandemi corona ini tidak hanya berdampak pada kesehatan tapi juga perekonomian. Perekonomian menguji kekokohan keluarga dan rumah tangga.  Dukung Vaksin Save NKRI #CabutHakPolitikEksHTIFPI,1
1.35E+18,2021-01-26,lilapama2011,meski ada efek samping setelah vaksinasi. Secara keseluruhan vaksin corona aman dengan kejadian efek samping yang ditimbulkan bersifat ringan hingga sedang.  Dukung Vaksin Save NKRI #CabutHakPolitikEksHTIFPI,1
1.35E+18,2021-01-26,kianinara1,Cintai bumimu Lindungi dari virus corona Taati peraturan PBB dan PPMK dapat mencegah penyebaran virus corona  Kalau bukan kita siapa lagi?  Dukung Vaksin Save NKRI #CabutHakPolitikEksHTIFPI  https://t.co/WY9VGTVAh9,1
1.35E+18,2021-01-26,boy99under,"https://t.co/3Hh8rGpcaH  Saat nya kita bersatu padu perang melawan CORONA.   Menteri @kemkominfo , Jhony G. Plate, Minta Wartawan Dukung Akselerasi Digital dan Vaksinasi Covid-19.  Dukung Vaksin Save NKRI #CabutHakPolitikEksHTIFPI",1
1350409549178576896,2021-01-16,thalibhelmy,"@cursedkidd ""Vaksin corona terbuat dari peju ku loh""",2
1351357850539364355,2021-01-19,rigel_antarest,@daungoyang Vcs = vaksin corona sue?,2